<?xml version="1.0" encoding="UTF-8"?>
<!DOCTYPE resources PUBLIC "-//GlassFish.org//DTD GlassFish Application Server 3.1 Resource Definitions//EN" "http://glassfish.org/dtds/glassfish-resources_1_5.dtd">
<resources>
    <jdbc-connection-pool allow-non-component-callers="false" associate-with-thread="false" connection-creation-retry-attempts="0" connection-creation-retry-interval-in-seconds="10" connection-leak-reclaim="false" connection-leak-timeout-in-seconds="0" connection-validation-method="auto-commit" datasource-classname="com.mysql.jdbc.jdbc2.optional.MysqlDataSource" fail-all-connections="false" idle-timeout-in-seconds="300" is-connection-validation-required="false" is-isolation-level-guaranteed="true" lazy-connection-association="false" lazy-connection-enlistment="false" match-connections="false" max-connection-usage-count="0" max-pool-size="32" max-wait-time-in-millis="60000" name="mysql_employesdbamazon_nitsuguaPool" non-transactional-connections="false" pool-resize-quantity="2" res-type="javax.sql.DataSource" statement-timeout-in-seconds="-1" steady-pool-size="8" validate-atmost-once-period-in-seconds="0" wrap-jdbc-objects="false">
        <property name="serverName" value="employesdb.casjvm8rgxpt.eu-west-1.rds.amazonaws.com"/>
        <property name="databaseName" value="employesdbamazon"/>
        <property name="User" value="nitsugua"/>
        <property name="Password" value="14780002"/>
        <property name="URL" value="jdbc:mysql://employesdb.casjvm8rgxpt.eu-west-1.rds.amazonaws.com/employesdbamazon"/>
        <property name="driverClass" value="com.mysql.jdbc.Driver"/>
    </jdbc-connection-pool>
    <jdbc-resource enabled="true" jndi-name="java:app/amazonbleunouveau" object-type="user" pool-name="mysql_employesdbamazon_nitsuguaPool"/>
    <jdbc-connection-pool allow-non-component-callers="false" associate-with-thread="false" connection-creation-retry-attempts="0" connection-creation-retry-interval-in-seconds="10" connection-leak-reclaim="false" connection-leak-timeout-in-seconds="0" connection-validation-method="auto-commit" datasource-classname="com.mysql.jdbc.jdbc2.optional.MysqlDataSource" fail-all-connections="false" idle-timeout-in-seconds="300" is-connection-validation-required="false" is-isolation-level-guaranteed="true" lazy-connection-association="false" lazy-connection-enlistment="false" match-connections="false" max-connection-usage-count="0" max-pool-size="32" max-wait-time-in-millis="60000" name="mysql_employesdbaws_yvespellePool" non-transactional-connections="false" pool-resize-quantity="2" res-type="javax.sql.DataSource" statement-timeout-in-seconds="-1" steady-pool-size="8" validate-atmost-once-period-in-seconds="0" wrap-jdbc-objects="false">
        <property name="serverName" value="employesaws.c8yxvlxecqyq.us-east-2.rds.amazonaws.com"/>
        <property name="portNumber" value="3306"/>
        <property name="databaseName" value="employesdbaws"/>
        <property name="User" value="yvespelle"/>
        <property name="Password" value="basetprouge"/>
        <property name="URL" value="jdbc:mysql://employesaws.c8yxvlxecqyq.us-east-2.rds.amazonaws.com:3306/employesdbaws"/>
        <property name="driverClass" value="com.mysql.jdbc.Driver"/>
    </jdbc-connection-pool>
    <jdbc-resource enabled="true" jndi-name="java:app/info" object-type="user" pool-name="mysql_employesdbaws_yvespellePool"/>
    <jdbc-resource enabled="true" jndi-name="java:app/infoConn" object-type="user" pool-name="mysql_employesdbaws_yvespellePool"/>
    <jdbc-connection-pool allow-non-component-callers="false" associate-with-thread="false" connection-creation-retry-attempts="0" connection-creation-retry-interval-in-seconds="10" connection-leak-reclaim="false" connection-leak-timeout-in-seconds="0" connection-validation-method="auto-commit" datasource-classname="org.apache.derby.jdbc.ClientDataSource" fail-all-connections="false" idle-timeout-in-seconds="300" is-connection-validation-required="false" is-isolation-level-guaranteed="true" lazy-connection-association="false" lazy-connection-enlistment="false" match-connections="false" max-connection-usage-count="0" max-pool-size="32" max-wait-time-in-millis="60000" name="derby_net_solutec_testPool" non-transactional-connections="false" pool-resize-quantity="2" res-type="javax.sql.DataSource" statement-timeout-in-seconds="-1" steady-pool-size="8" validate-atmost-once-period-in-seconds="0" wrap-jdbc-objects="false">
        <property name="serverName" value="localhost"/>
        <property name="portNumber" value="1527"/>
        <property name="databaseName" value="solutec"/>
        <property name="User" value="test"/>
        <property name="Password" value="test"/>
        <property name="URL" value="jdbc:derby://localhost:1527/solutec"/>
        <property name="driverClass" value="org.apache.derby.jdbc.ClientDriver"/>
    </jdbc-connection-pool>
    <jdbc-resource enabled="true" jndi-name="java:app/baseLocale" object-type="user" pool-name="derby_net_solutec_testPool"/>
</resources>
